{
  "id": "https://iiif-3d-manifests.netlify.com/collection/gltf/index.json",
  "type": "Collection",
  "items": [
    {
      "id": "https://iiif-3d-manifests.netlify.com/collection/gltf/bedes/index.json",
      "type": "Manifest",
      "label": {
        "@none": [
          "bedes"
        ]
      }
    },
    {
      "id": "https://iiif-3d-manifests.netlify.com/collection/gltf/woody/index.json",
      "type": "Manifest",
      "label": {
        "@none": [
          "Fisherman"
        ]
      },
      "thumbnail": [
        {
          "id": "https://iiif-3d-manifests.netlify.com/collection/gltf/woody/thumb.jpg",
          "type": "Image"
        }
      ]
    },
    {
      "id": "https://iiif-3d-manifests.netlify.com/collection/gltf/bowl/index.json",
      "type": "Manifest",
      "label": {
        "@none": [
          "Somali Woven Basket"
        ]
      }
    }
  ],
  "label": {
    "@none": [
      "gltf"
    ]
  }
}