{
  "id": "https://iiif-3d-manifests.netlify.com/collection/ply/pub/index.json",
  "type": "Manifest",
  "items": [
    {
      "id": "https://iiif-3d-manifests.netlify.com/collection/ply/pub/index.json/canvas/0",
      "type": "Canvas",
      "items": [
        {
          "id": "https://iiif-3d-manifests.netlify.com/collection/ply/pub/index.json/canvas/0/annotationpage/0",
          "type": "AnnotationPage",
          "items": [
            {
              "id": "https://iiif-3d-manifests.netlify.com/collection/ply/pub/index.json/canvas/0/annotation/0",
              "type": "Annotation",
              "motivation": "painting",
              "body": {
                "id": "https://iiif-3d-manifests.netlify.com/collection/ply/pub/_pub/pub.ply",
                "type": "PhysicalObject",
                "format": "application/ply",
                "label": {
                  "@none": [
                    "_pub"
                  ]
                }
              },
              "target": "https://iiif-3d-manifests.netlify.com/collection/ply/pub/index.json/canvas/0"
            }
          ]
        }
      ],
      "label": {
        "@none": [
          "_pub"
        ]
      }
    }
  ],
  "label": {
    "@none": [
      "Abbott Pub"
    ]
  },
  "attribution": "10d.org.uk",
  "description": "A LIDAR scan of the Abbott Pub in Redhill",
  "thumbnail": [
    {
      "id": "https://iiif-3d-manifests.netlify.com/collection/ply/pub/thumb.jpg",
      "type": "Image"
    }
  ]
}