{
  "id": "https://iiif-3d-manifests.netlify.com/collection/index.json",
  "type": "Collection",
  "items": [
    {
      "id": "https://iiif-3d-manifests.netlify.com/collection/gltf/index.json",
      "type": "Collection",
      "label": {
        "@none": [
          "gltf"
        ]
      }
    },
    {
      "id": "https://iiif-3d-manifests.netlify.com/collection/json/index.json",
      "type": "Collection",
      "label": {
        "@none": [
          "json"
        ]
      }
    },
    {
      "id": "https://iiif-3d-manifests.netlify.com/collection/obj/index.json",
      "type": "Collection",
      "label": {
        "@none": [
          "obj"
        ]
      }
    },
    {
      "id": "https://iiif-3d-manifests.netlify.com/collection/ply/index.json",
      "type": "Collection",
      "label": {
        "@none": [
          "ply"
        ]
      }
    }
  ],
  "label": {
    "@none": [
      "collection"
    ]
  }
}