{
  "id": "https://iiif-3d-manifests-fork.netlify.com/collection/gltfdraco/bowl/index.json",
  "type": "Manifest",
  "items": [
    {
      "id": "https://iiif-3d-manifests-fork.netlify.com/collection/gltfdraco/bowl/index.json/canvas/0",
      "type": "Canvas",
      "items": [
        {
          "id": "https://iiif-3d-manifests-fork.netlify.com/collection/gltfdraco/bowl/index.json/canvas/0/annotationpage/0",
          "type": "AnnotationPage",
          "items": [
            {
              "id": "https://iiif-3d-manifests-fork.netlify.com/collection/gltfdraco/bowl/index.json/canvas/0/annotation/0",
              "type": "Annotation",
              "motivation": "painting",
              "body": {
                "id": "https://iiif-3d-manifests-fork.netlify.com/collection/gltfdraco/bowl/_bowl/assets/bowlDraco.gltf",
                "type": "PhysicalObject",
                "format": "model/gltf+json",
                "label": {
                  "@none": [
                    "_bowl"
                  ]
                }
              },
              "target": "https://iiif-3d-manifests-fork.netlify.com/collection/gltfdraco/bowl/index.json/canvas/0"
            }
          ]
        }
      ],
      "label": {
        "@none": [
          "_bowl"
        ]
      }
    }
  ],
  "label": {
    "@none": [
      "Somali Woven Basket"
    ]
  },
  "metadata": [
    {
      "label": {
        "@none": [
          "license"
        ]
      },
      "value": {
        "@none": [
          "CC Attribution-NonCommercial-ShareAlike"
        ]
      }
    }
  ],
  "attribution": "The British Museum"
}
