{
  "id": "https://iiif-3d-manifests.netlify.com/collection/gltf/bedes/index.json",
  "type": "Manifest",
  "items": [
    {
      "id": "https://iiif-3d-manifests.netlify.com/collection/gltf/bedes/index.json/canvas/0",
      "type": "Canvas",
      "items": [
        {
          "id": "https://iiif-3d-manifests.netlify.com/collection/gltf/bedes/index.json/canvas/0/annotationpage/0",
          "type": "AnnotationPage",
          "items": [
            {
              "id": "https://iiif-3d-manifests.netlify.com/collection/gltf/bedes/index.json/canvas/0/annotation/0",
              "type": "Annotation",
              "motivation": "painting",
              "body": {
                "id": "https://iiif-3d-manifests.netlify.com/collection/gltf/bedes/_bedes/assets/Bedes_small.gltf",
                "type": "PhysicalObject",
                "format": "model/gltf+json",
                "label": {
                  "@none": [
                    "_bedes"
                  ]
                }
              },
              "target": "https://iiif-3d-manifests.netlify.com/collection/gltf/bedes/index.json/canvas/0"
            }
          ]
        }
      ],
      "label": {
        "@none": [
          "_bedes"
        ]
      }
    }
  ],
  "label": {
    "@none": [
      "bedes"
    ]
  }
}