{
  "id": "https://iiif-3d-manifests.netlify.com/collection/json/nefertiti/index.json",
  "type": "Manifest",
  "items": [
    {
      "id": "https://iiif-3d-manifests.netlify.com/collection/json/nefertiti/index.json/canvas/0",
      "type": "Canvas",
      "items": [
        {
          "id": "https://iiif-3d-manifests.netlify.com/collection/json/nefertiti/index.json/canvas/0/annotationpage/0",
          "type": "AnnotationPage",
          "items": [
            {
              "id": "https://iiif-3d-manifests.netlify.com/collection/json/nefertiti/index.json/canvas/0/annotation/0",
              "type": "Annotation",
              "motivation": "painting",
              "body": {
                "id": "https://iiif-3d-manifests.netlify.com/collection/json/nefertiti/_nefertiti/assets/nefertiti.json",
                "type": "PhysicalObject",
                "format": "application/vnd.threejs+json",
                "label": {
                  "@none": [
                    "_nefertiti"
                  ]
                }
              },
              "target": "https://iiif-3d-manifests.netlify.com/collection/json/nefertiti/index.json/canvas/0"
            }
          ]
        }
      ],
      "label": {
        "@none": [
          "_nefertiti"
        ]
      }
    }
  ],
  "label": {
    "@none": [
      "Bust of Queen Nefertiti"
    ]
  },
  "metadata": [
    {
      "label": {
        "@none": [
          "Material"
        ]
      },
      "value": {
        "@none": [
          "limestone and stucco"
        ]
      }
    },
    {
      "label": {
        "@none": [
          "Size"
        ]
      },
      "value": {
        "@none": [
          "19 inches high"
        ]
      }
    },
    {
      "label": {
        "@none": [
          "Created"
        ]
      },
      "value": {
        "@none": [
          "1345 BC: by Thutmose, ancient Egypt"
        ]
      }
    },
    {
      "label": {
        "@none": [
          "Discovered"
        ]
      },
      "value": {
        "@none": [
          "1912: Amarna, Egypt"
        ]
      }
    },
    {
      "label": {
        "@none": [
          "Present"
        ]
      },
      "value": {
        "@none": [
          "Neues Museum, Berlin"
        ]
      }
    },
    {
      "label": {
        "@none": [
          "Location"
        ]
      },
      "value": {
        "@none": [
          "Germany"
        ]
      }
    },
    {
      "label": {
        "@none": [
          "Credit"
        ]
      },
      "value": {
        "@none": [
          "<a href='http://nefertitihack.alloversky.com'>http://nefertitihack.alloversky.com</a>"
        ]
      }
    },
    {
      "label": {
        "@none": [
          "Source file"
        ]
      },
      "value": {
        "@none": [
          "<a href='https://ipfs.io/ipfs/QmY22Pv2h1PpjoAVXUvrBQun4cWyeG1VBuU5WHKgduDGXF'>https://ipfs.io/ipfs/QmY22Pv2h1PpjoAVXUvrBQun4cWyeG1VBuU5WHKgduDGXF</a>"
        ]
      }
    }
  ],
  "thumbnail": [
    {
      "id": "https://iiif-3d-manifests.netlify.com/collection/json/nefertiti/thumb.jpg",
      "type": "Image"
    }
  ]
}