{
  "id": "https://iiif-3d-manifests.netlify.com/collection/json/index.json",
  "type": "Collection",
  "items": [
    {
      "id": "https://iiif-3d-manifests.netlify.com/collection/json/nefertiti/index.json",
      "type": "Manifest",
      "label": {
        "@none": [
          "Bust of Queen Nefertiti"
        ]
      },
      "thumbnail": [
        {
          "id": "https://iiif-3d-manifests.netlify.com/collection/json/nefertiti/thumb.jpg",
          "type": "Image"
        }
      ]
    }
  ],
  "label": {
    "@none": [
      "json"
    ]
  }
}