{
  "id": "https://iiif-3d-manifests.netlify.com/collection/gltf/woody/index.json",
  "type": "Manifest",
  "items": [
    {
      "id": "https://iiif-3d-manifests.netlify.com/collection/gltf/woody/index.json/canvas/0",
      "type": "Canvas",
      "items": [
        {
          "id": "https://iiif-3d-manifests.netlify.com/collection/gltf/woody/index.json/canvas/0/annotationpage/0",
          "type": "AnnotationPage",
          "items": [
            {
              "id": "https://iiif-3d-manifests.netlify.com/collection/gltf/woody/index.json/canvas/0/annotation/0",
              "type": "Annotation",
              "motivation": "painting",
              "body": {
                "id": "https://iiif-3d-manifests.netlify.com/collection/gltf/woody/_woody/assets/woody.gltf",
                "type": "PhysicalObject",
                "format": "model/gltf+json",
                "label": {
                  "@none": [
                    "_woody"
                  ]
                }
              },
              "target": "https://iiif-3d-manifests.netlify.com/collection/gltf/woody/index.json/canvas/0"
            }
          ]
        }
      ],
      "label": {
        "@none": [
          "_woody"
        ]
      }
    }
  ],
  "label": {
    "@none": [
      "Fisherman"
    ]
  },
  "metadata": [
    {
      "label": {
        "@none": [
          "Made with"
        ]
      },
      "value": {
        "@none": [
          "Agisoft PhotoScan & Blender"
        ]
      }
    },
    {
      "label": {
        "@none": [
          "Dimensions"
        ]
      },
      "value": {
        "@none": [
          "Height 200mm"
        ]
      }
    }
  ],
  "attribution": "Snoopers Paradise www.snoopers-paradise.com",
  "description": "wooden bust, origin unknown",
  "thumbnail": [
    {
      "id": "https://iiif-3d-manifests.netlify.com/collection/gltf/woody/thumb.jpg",
      "type": "Image"
    }
  ]
}